epoch,regime,seed,tag,test_acc,test_hosp_2_acc,test_hosp_2_loss,test_loss,test_worst_domain_acc,test_worst_domain_loss,val_acc,val_hosp_1_acc,val_hosp_1_loss,val_loss,val_worst_domain_acc,val_worst_domain_loss
11,erm_softclip_p95_a10_cam,0,h0_do0.0_lr0.001_wd0.0001_bs512_ep30_v11ermsoftclipfix_cam_10s,0.9222729089754744,0.9222729089754744,0.25346397295529816,0.25346397295529816,0.9222729089754744,0.25346397295529816,0.9084632133852854,0.9084632133852854,0.3095827188149611,0.3095827188149611,0.9084632133852854,0.3095827188149611
7,erm_softclip_p95_a10_cam,0,h0_do0.0_lr0.001_wd0.0001_bs512_ep30_v11ermsoftclipfix_cam_10s,0.9190984550991135,0.9190984550991135,0.24422239958887734,0.24422239958887734,0.9190984550991135,0.24422239958887734,0.906343112537245,0.906343112537245,0.29247175212309434,0.29247175212309434,0.906343112537245,0.29247175212309434
12,erm_softclip_p95_a10_cam,1,h0_do0.0_lr0.001_wd0.0001_bs512_ep30_v11ermsoftclipfix_cam_10s,0.920697439273873,0.920697439273873,0.2570778672845123,0.2570778672845123,0.920697439273873,0.2570778672845123,0.9078042631217053,0.9078042631217053,0.31235531892295304,0.31235531892295304,0.9078042631217053,0.31235531892295304
5,erm_softclip_p95_a10_cam,1,h0_do0.0_lr0.001_wd0.0001_bs512_ep30_v11ermsoftclipfix_cam_10s,0.9155712841253791,0.9155712841253791,0.24883136889852564,0.24883136889852564,0.9155712841253791,0.24883136889852564,0.9034208113683245,0.9034208113683245,0.2907552952954175,0.2907552952954175,0.9034208113683245,0.2907552952954175
24,erm_softclip_p95_a10_cam,2,h0_do0.0_lr0.001_wd0.0001_bs512_ep30_v11ermsoftclipfix_cam_10s,0.9196392879817528,0.9196392879817528,0.2768781483397844,0.2768781483397844,0.9196392879817528,0.2768781483397844,0.9076610130644053,0.9076610130644053,0.33646004729203066,0.33646004729203066,0.9076610130644053,0.33646004729203066
5,erm_softclip_p95_a10_cam,2,h0_do0.0_lr0.001_wd0.0001_bs512_ep30_v11ermsoftclipfix_cam_10s,0.9177581301290945,0.9177581301290945,0.24389401622969142,0.24389401622969142,0.9177581301290945,0.24389401622969142,0.9030197112078845,0.9030197112078845,0.2905590205865043,0.2905590205865043,0.9030197112078845,0.2905590205865043
10,erm_softclip_p95_a10_cam,3,h0_do0.0_lr0.001_wd0.0001_bs512_ep30_v11ermsoftclipfix_cam_10s,0.9193806287770122,0.9193806287770122,0.25511290036326456,0.25511290036326456,0.9193806287770122,0.25511290036326456,0.9081767132706853,0.9081767132706853,0.3022866873058732,0.3022866873058732,0.9081767132706853,0.3022866873058732
5,erm_softclip_p95_a10_cam,3,h0_do0.0_lr0.001_wd0.0001_bs512_ep30_v11ermsoftclipfix_cam_10s,0.9157123709643286,0.9157123709643286,0.24823444756532184,0.24823444756532184,0.9157123709643286,0.24823444756532184,0.9029337611735044,0.9029337611735044,0.2920298851265045,0.2920298851265045,0.9029337611735044,0.2920298851265045
25,erm_softclip_p95_a10_cam,4,h0_do0.0_lr0.001_wd0.0001_bs512_ep30_v11ermsoftclipfix_cam_10s,0.9192630564112211,0.9192630564112211,0.279629579608808,0.279629579608808,0.9192630564112211,0.279629579608808,0.9072885629154251,0.9072885629154251,0.3455268210369674,0.3455268210369674,0.9072885629154251,0.3455268210369674
7,erm_softclip_p95_a10_cam,4,h0_do0.0_lr0.001_wd0.0001_bs512_ep30_v11ermsoftclipfix_cam_10s,0.9202859359936041,0.9202859359936041,0.2450639653310564,0.2450639653310564,0.9202859359936041,0.2450639653310564,0.905827412330965,0.905827412330965,0.2935125855079567,0.2935125855079567,0.905827412330965,0.2935125855079567
10,erm_softclip_p95_a10_cam,5,h0_do0.0_lr0.001_wd0.0001_bs512_ep30_v11ermsoftclipfix_cam_10s,0.9210266418980882,0.9210266418980882,0.25467939302460707,0.25467939302460707,0.9210266418980882,0.25467939302460707,0.9088929635571854,0.9088929635571854,0.3036509655879268,0.3036509655879268,0.9088929635571854,0.3036509655879268
5,erm_softclip_p95_a10_cam,5,h0_do0.0_lr0.001_wd0.0001_bs512_ep30_v11ermsoftclipfix_cam_10s,0.9159475156959108,0.9159475156959108,0.24548393724991072,0.24548393724991072,0.9159475156959108,0.24548393724991072,0.9030197112078845,0.9030197112078845,0.2874735795303393,0.2874735795303393,0.9030197112078845,0.2874735795303393
10,erm_softclip_p95_a10_cam,6,h0_do0.0_lr0.001_wd0.0001_bs512_ep30_v11ermsoftclipfix_cam_10s,0.9207797399299269,0.9207797399299269,0.2543402394925337,0.2543402394925337,0.9207797399299269,0.2543402394925337,0.9088356635342654,0.9088356635342654,0.30299167084066,0.30299167084066,0.9088356635342654,0.30299167084066
6,erm_softclip_p95_a10_cam,6,h0_do0.0_lr0.001_wd0.0001_bs512_ep30_v11ermsoftclipfix_cam_10s,0.9163825334493381,0.9163825334493381,0.2488074144531916,0.2488074144531916,0.9163825334493381,0.2488074144531916,0.9055982122392849,0.9055982122392849,0.28957772715337143,0.28957772715337143,0.9055982122392849,0.28957772715337143
28,erm_softclip_p95_a10_cam,7,h0_do0.0_lr0.001_wd0.0001_bs512_ep30_v11ermsoftclipfix_cam_10s,0.9173466268488254,0.9173466268488254,0.2897198979834825,0.2897198979834825,0.9173466268488254,0.2897198979834825,0.9072885629154251,0.9072885629154251,0.34989423716176127,0.34989423716176127,0.9072885629154251,0.34989423716176127
5,erm_softclip_p95_a10_cam,7,h0_do0.0_lr0.001_wd0.0001_bs512_ep30_v11ermsoftclipfix_cam_10s,0.917617043290145,0.917617043290145,0.24467752220194805,0.24467752220194805,0.917617043290145,0.24467752220194805,0.9034494613797845,0.9034494613797845,0.29330037458125835,0.29330037458125835,0.9034494613797845,0.29330037458125835
11,erm_softclip_p95_a10_cam,8,h0_do0.0_lr0.001_wd0.0001_bs512_ep30_v11ermsoftclipfix_cam_10s,0.9211912432101959,0.9211912432101959,0.25339724561693644,0.25339724561693644,0.9211912432101959,0.25339724561693644,0.9080048132019253,0.9080048132019253,0.3060037444661212,0.3060037444661212,0.9080048132019253,0.3060037444661212
4,erm_softclip_p95_a10_cam,8,h0_do0.0_lr0.001_wd0.0001_bs512_ep30_v11ermsoftclipfix_cam_10s,0.9135490394337715,0.9135490394337715,0.24601449451954213,0.24601449451954213,0.9135490394337715,0.24601449451954213,0.9002979601191841,0.9002979601191841,0.28889750551270565,0.28889750551270565,0.9002979601191841,0.28889750551270565
29,erm_softclip_p95_a10_cam,9,h0_do0.0_lr0.001_wd0.0001_bs512_ep30_v11ermsoftclipfix_cam_10s,0.9173701413219837,0.9173701413219837,0.2899748536986462,0.2899748536986462,0.9173701413219837,0.2899748536986462,0.9066869126747651,0.9066869126747651,0.35024284173224807,0.35024284173224807,0.9066869126747651,0.35024284173224807
4,erm_softclip_p95_a10_cam,9,h0_do0.0_lr0.001_wd0.0001_bs512_ep30_v11ermsoftclipfix_cam_10s,0.9134549815411386,0.9134549815411386,0.2487976257267663,0.2487976257267663,0.9134549815411386,0.2487976257267663,0.9005558102223241,0.9005558102223241,0.28982042023503385,0.28982042023503385,0.9005558102223241,0.28982042023503385
15,erm_softclip_p97_a10_cam,0,h0_do0.0_lr0.001_wd0.0001_bs512_ep30_v11ermsoftclipfix_cam_10s,0.9172408117196135,0.9172408117196135,0.2585501081207988,0.2585501081207988,0.9172408117196135,0.2585501081207988,0.9080621132248453,0.9080621132248453,0.30362363957838295,0.30362363957838295,0.9080621132248453,0.30362363957838295
5,erm_softclip_p97_a10_cam,0,h0_do0.0_lr0.001_wd0.0001_bs512_ep30_v11ermsoftclipfix_cam_10s,0.9155595268888,0.9155595268888,0.2388621151906271,0.2388621151906271,0.9155595268888,0.2388621151906271,0.9047387118954847,0.9047387118954847,0.2749010394600138,0.2749010394600138,0.9047387118954847,0.2749010394600138
13,erm_softclip_p97_a10_cam,1,h0_do0.0_lr0.001_wd0.0001_bs512_ep30_v11ermsoftclipfix_cam_10s,0.9173818985585628,0.9173818985585628,0.2516157051491093,0.2516157051491093,0.9173818985585628,0.2516157051491093,0.9085778134311254,0.9085778134311254,0.2966632181936646,0.2966632181936646,0.9085778134311254,0.2966632181936646
5,erm_softclip_p97_a10_cam,1,h0_do0.0_lr0.001_wd0.0001_bs512_ep30_v11ermsoftclipfix_cam_10s,0.9152891104474804,0.9152891104474804,0.23822180286228084,0.23822180286228084,0.9152891104474804,0.23822180286228084,0.9054549621819848,0.9054549621819848,0.27184184173149606,0.27184184173149606,0.9054549621819848,0.27184184173149606
20,erm_softclip_p97_a10_cam,2,h0_do0.0_lr0.001_wd0.0001_bs512_ep30_v11ermsoftclipfix_cam_10s,0.918334234721471,0.918334234721471,0.26467727013069875,0.26467727013069875,0.918334234721471,0.26467727013069875,0.9077469630987852,0.9077469630987852,0.31658326446126667,0.31658326446126667,0.9077469630987852,0.31658326446126667
3,erm_softclip_p97_a10_cam,2,h0_do0.0_lr0.001_wd0.0001_bs512_ep30_v11ermsoftclipfix_cam_10s,0.910209984245303,0.910209984245303,0.24141882994475083,0.24141882994475083,0.910209984245303,0.24141882994475083,0.900040110016044,0.900040110016044,0.2717429985081752,0.2717429985081752,0.900040110016044,0.2717429985081752
20,erm_softclip_p97_a10_cam,3,h0_do0.0_lr0.001_wd0.0001_bs512_ep30_v11ermsoftclipfix_cam_10s,0.916794036729607,0.916794036729607,0.2676020212165898,0.2676020212165898,0.916794036729607,0.2676020212165898,0.9073458629383452,0.9073458629383452,0.3197829501460927,0.3197829501460927,0.9073458629383452,0.3197829501460927
5,erm_softclip_p97_a10_cam,3,h0_do0.0_lr0.001_wd0.0001_bs512_ep30_v11ermsoftclipfix_cam_10s,0.9135843111435088,0.9135843111435088,0.242840527468947,0.242840527468947,0.9135843111435088,0.242840527468947,0.9056268622507448,0.9056268622507448,0.27009882225110243,0.27009882225110243,0.9056268622507448,0.27009882225110243
20,erm_softclip_p97_a10_cam,4,h0_do0.0_lr0.001_wd0.0001_bs512_ep30_v11ermsoftclipfix_cam_10s,0.9185811366896325,0.9185811366896325,0.26568022648388695,0.26568022648388695,0.9185811366896325,0.26568022648388695,0.9084345633738253,0.9084345633738253,0.3166332166341425,0.3166332166341425,0.9084345633738253,0.3166332166341425
5,erm_softclip_p97_a10_cam,4,h0_do0.0_lr0.001_wd0.0001_bs512_ep30_v11ermsoftclipfix_cam_10s,0.9141016295529899,0.9141016295529899,0.24123928725016636,0.24123928725016636,0.9141016295529899,0.24123928725016636,0.9052544121017648,0.9052544121017648,0.2726634188707165,0.2726634188707165,0.9052544121017648,0.2726634188707165
15,erm_softclip_p97_a10_cam,5,h0_do0.0_lr0.001_wd0.0001_bs512_ep30_v11ermsoftclipfix_cam_10s,0.9190396689162179,0.9190396689162179,0.2533807220422097,0.2533807220422097,0.9190396689162179,0.2533807220422097,0.9084059133623653,0.9084059133623653,0.3035251931168306,0.3035251931168306,0.9084059133623653,0.3035251931168306
3,erm_softclip_p97_a10_cam,5,h0_do0.0_lr0.001_wd0.0001_bs512_ep30_v11ermsoftclipfix_cam_10s,0.9096456368895055,0.9096456368895055,0.2426345241699917,0.2426345241699917,0.9096456368895055,0.2426345241699917,0.8997249598899839,0.8997249598899839,0.2721825100647071,0.2721825100647071,0.8997249598899839,0.2721825100647071
26,erm_softclip_p97_a10_cam,6,h0_do0.0_lr0.001_wd0.0001_bs512_ep30_v11ermsoftclipfix_cam_10s,0.9185458649798951,0.9185458649798951,0.27466210642957645,0.27466210642957645,0.9185458649798951,0.27466210642957645,0.9073745129498052,0.9073745129498052,0.3299449481019286,0.3299449481019286,0.9073745129498052,0.3299449481019286
6,erm_softclip_p97_a10_cam,6,h0_do0.0_lr0.001_wd0.0001_bs512_ep30_v11ermsoftclipfix_cam_10s,0.9157829143838032,0.9157829143838032,0.24107128748915255,0.24107128748915255,0.9157829143838032,0.24107128748915255,0.9078902131560853,0.9078902131560853,0.2694277709256339,0.2694277709256339,0.9078902131560853,0.2694277709256339
22,erm_softclip_p97_a10_cam,7,h0_do0.0_lr0.001_wd0.0001_bs512_ep30_v11ermsoftclipfix_cam_10s,0.9167352505467115,0.9167352505467115,0.27112705191496766,0.27112705191496766,0.9167352505467115,0.27112705191496766,0.9072026128810452,0.9072026128810452,0.32352527900084893,0.32352527900084893,0.9072026128810452,0.32352527900084893
5,erm_softclip_p97_a10_cam,7,h0_do0.0_lr0.001_wd0.0001_bs512_ep30_v11ermsoftclipfix_cam_10s,0.9161121170080184,0.9161121170080184,0.23864935753813546,0.23864935753813546,0.9161121170080184,0.23864935753813546,0.9051971120788448,0.9051971120788448,0.2740498794668153,0.2740498794668153,0.9051971120788448,0.2740498794668153
17,erm_softclip_p97_a10_cam,8,h0_do0.0_lr0.001_wd0.0001_bs512_ep30_v11ermsoftclipfix_cam_10s,0.9203799938862369,0.9203799938862369,0.2556436207176663,0.2556436207176663,0.9203799938862369,0.2556436207176663,0.9082340132936053,0.9082340132936053,0.3080335778682808,0.3080335778682808,0.9082340132936053,0.3080335778682808
5,erm_softclip_p97_a10_cam,8,h0_do0.0_lr0.001_wd0.0001_bs512_ep30_v11ermsoftclipfix_cam_10s,0.9153008676840595,0.9153008676840595,0.24121749742152934,0.24121749742152934,0.9153008676840595,0.24121749742152934,0.9046814118725648,0.9046814118725648,0.2737558293509006,0.2737558293509006,0.9046814118725648,0.2737558293509006
25,erm_softclip_p97_a10_cam,9,h0_do0.0_lr0.001_wd0.0001_bs512_ep30_v11ermsoftclipfix_cam_10s,0.9174641992146166,0.9174641992146166,0.27207192429380034,0.27207192429380034,0.9174641992146166,0.27207192429380034,0.9069447627779051,0.9069447627779051,0.3265000340044345,0.3265000340044345,0.9069447627779051,0.3265000340044345
5,erm_softclip_p97_a10_cam,9,h0_do0.0_lr0.001_wd0.0001_bs512_ep30_v11ermsoftclipfix_cam_10s,0.9145954334893127,0.9145954334893127,0.23923323746842207,0.23923323746842207,0.9145954334893127,0.23923323746842207,0.9039078615631446,0.9039078615631446,0.2730197873203918,0.2730197873203918,0.9039078615631446,0.2730197873203918
6,erm_softclip_p99_a10_cam,0,h0_do0.0_lr0.001_wd0.0001_bs512_ep30_v11ermsoftclipfix_cam_10s,0.9194982011428035,0.9194982011428035,0.21651019998989277,0.21651019998989277,0.9194982011428035,0.21651019998989277,0.9083772633509053,0.9083772633509053,0.24903175376348827,0.24903175376348827,0.9083772633509053,0.24903175376348827
4,erm_softclip_p99_a10_cam,0,h0_do0.0_lr0.001_wd0.0001_bs512_ep30_v11ermsoftclipfix_cam_10s,0.9180285465704141,0.9180285465704141,0.21843771939720172,0.21843771939720172,0.9180285465704141,0.21843771939720172,0.9056268622507448,0.9056268622507448,0.24714624057210194,0.24714624057210194,0.9056268622507448,0.24714624057210194
5,erm_softclip_p99_a10_cam,1,h0_do0.0_lr0.001_wd0.0001_bs512_ep30_v11ermsoftclipfix_cam_10s,0.9177346156559363,0.9177346156559363,0.21990111931913164,0.21990111931913164,0.9177346156559363,0.21990111931913164,0.9069161127664451,0.9069161127664451,0.2458656723163648,0.2458656723163648,0.9069161127664451,0.2458656723163648
3,erm_softclip_p99_a10_cam,1,h0_do0.0_lr0.001_wd0.0001_bs512_ep30_v11ermsoftclipfix_cam_10s,0.9158064288569615,0.9158064288569615,0.2205622287577424,0.2205622287577424,0.9158064288569615,0.2205622287577424,0.9047960119184048,0.9047960119184048,0.2446700441515939,0.2446700441515939,0.9047960119184048,0.2446700441515939
6,erm_softclip_p99_a10_cam,2,h0_do0.0_lr0.001_wd0.0001_bs512_ep30_v11ermsoftclipfix_cam_10s,0.9185576222164742,0.9185576222164742,0.21896643862753828,0.21896643862753828,0.9185576222164742,0.21896643862753828,0.9071739628695852,0.9071739628695852,0.2499176762186773,0.2499176762186773,0.9071739628695852,0.2499176762186773
3,erm_softclip_p99_a10_cam,2,h0_do0.0_lr0.001_wd0.0001_bs512_ep30_v11ermsoftclipfix_cam_10s,0.9139487854774614,0.9139487854774614,0.22224771645018349,0.22224771645018349,0.9139487854774614,0.22224771645018349,0.9043089617235847,0.9043089617235847,0.24334160209578778,0.24334160209578778,0.9043089617235847,0.24334160209578778
6,erm_softclip_p99_a10_cam,3,h0_do0.0_lr0.001_wd0.0001_bs512_ep30_v11ermsoftclipfix_cam_10s,0.919157241282009,0.919157241282009,0.21850394959775563,0.21850394959775563,0.919157241282009,0.21850394959775563,0.9079475131790052,0.9079475131790052,0.25068231513427125,0.25068231513427125,0.9079475131790052,0.25068231513427125
2,erm_softclip_p99_a10_cam,3,h0_do0.0_lr0.001_wd0.0001_bs512_ep30_v11ermsoftclipfix_cam_10s,0.9084111270486984,0.9084111270486984,0.2309904043669802,0.2309904043669802,0.9084111270486984,0.2309904043669802,0.9014153105661242,0.9014153105661242,0.24449684804437918,0.24449684804437918,0.9014153105661242,0.24449684804437918
4,erm_softclip_p99_a10_cam,4,h0_do0.0_lr0.001_wd0.0001_bs512_ep30_v11ermsoftclipfix_cam_10s,0.9151715380816893,0.9151715380816893,0.22352500286124002,0.22352500286124002,0.9151715380816893,0.22352500286124002,0.9054549621819848,0.9054549621819848,0.2465340202131125,0.2465340202131125,0.9054549621819848,0.2465340202131125
4,erm_softclip_p99_a10_cam,4,h0_do0.0_lr0.001_wd0.0001_bs512_ep30_v11ermsoftclipfix_cam_10s,0.9151715380816893,0.9151715380816893,0.22352500286124002,0.22352500286124002,0.9151715380816893,0.22352500286124002,0.9054549621819848,0.9054549621819848,0.2465340202131125,0.2465340202131125,0.9054549621819848,0.2465340202131125
6,erm_softclip_p99_a10_cam,5,h0_do0.0_lr0.001_wd0.0001_bs512_ep30_v11ermsoftclipfix_cam_10s,0.9190161544430597,0.9190161544430597,0.21822209329850684,0.21822209329850684,0.9190161544430597,0.21822209329850684,0.9072312628925051,0.9072312628925051,0.2522464504427688,0.2522464504427688,0.9072312628925051,0.2522464504427688
3,erm_softclip_p99_a10_cam,5,h0_do0.0_lr0.001_wd0.0001_bs512_ep30_v11ermsoftclipfix_cam_10s,0.9139958144237779,0.9139958144237779,0.22257930940376075,0.22257930940376075,0.9139958144237779,0.22257930940376075,0.9050825120330048,0.9050825120330048,0.24085411344255422,0.24085411344255422,0.9050825120330048,0.24085411344255422
8,erm_softclip_p99_a10_cam,6,h0_do0.0_lr0.001_wd0.0001_bs512_ep30_v11ermsoftclipfix_cam_10s,0.9196628024549109,0.9196628024549109,0.22073946742293188,0.22073946742293188,0.9196628024549109,0.22073946742293188,0.9089789135915655,0.9089789135915655,0.25489917092937026,0.25489917092937026,0.9089789135915655,0.25489917092937026
4,erm_softclip_p99_a10_cam,6,h0_do0.0_lr0.001_wd0.0001_bs512_ep30_v11ermsoftclipfix_cam_10s,0.9167234933101324,0.9167234933101324,0.2195679384353792,0.2195679384353792,0.9167234933101324,0.2195679384353792,0.9067442126976851,0.9067442126976851,0.24169052218087428,0.24169052218087428,0.9067442126976851,0.24169052218087428
5,erm_softclip_p99_a10_cam,7,h0_do0.0_lr0.001_wd0.0001_bs512_ep30_v11ermsoftclipfix_cam_10s,0.9187457380017401,0.9187457380017401,0.21769013645873475,0.21769013645873475,0.9187457380017401,0.21769013645873475,0.9064863625945451,0.9064863625945451,0.24854788149662158,0.24854788149662158,0.9064863625945451,0.24854788149662158
3,erm_softclip_p99_a10_cam,7,h0_do0.0_lr0.001_wd0.0001_bs512_ep30_v11ermsoftclipfix_cam_10s,0.9145366473064171,0.9145366473064171,0.22338450683898547,0.22338450683898547,0.9145366473064171,0.22338450683898547,0.9048819619527848,0.9048819619527848,0.24611886021417784,0.24611886021417784,0.9048819619527848,0.24611886021417784
4,erm_softclip_p99_a10_cam,8,h0_do0.0_lr0.001_wd0.0001_bs512_ep30_v11ermsoftclipfix_cam_10s,0.9166176781809203,0.9166176781809203,0.21891484656033242,0.21891484656033242,0.9166176781809203,0.21891484656033242,0.906600962640385,0.906600962640385,0.2418110842666843,0.2418110842666843,0.906600962640385,0.2418110842666843
4,erm_softclip_p99_a10_cam,8,h0_do0.0_lr0.001_wd0.0001_bs512_ep30_v11ermsoftclipfix_cam_10s,0.9166176781809203,0.9166176781809203,0.21891484656033242,0.21891484656033242,0.9166176781809203,0.21891484656033242,0.906600962640385,0.906600962640385,0.2418110842666843,0.2418110842666843,0.906600962640385,0.2418110842666843
4,erm_softclip_p99_a10_cam,9,h0_do0.0_lr0.001_wd0.0001_bs512_ep30_v11ermsoftclipfix_cam_10s,0.9163825334493381,0.9163825334493381,0.22051856758580354,0.22051856758580354,0.9163825334493381,0.22051856758580354,0.906027962411185,0.906027962411185,0.24542519958572187,0.24542519958572187,0.906027962411185,0.24542519958572187
3,erm_softclip_p99_a10_cam,9,h0_do0.0_lr0.001_wd0.0001_bs512_ep30_v11ermsoftclipfix_cam_10s,0.9133726808850847,0.9133726808850847,0.22370822227588902,0.22370822227588902,0.9133726808850847,0.22370822227588902,0.9037932615173047,0.9037932615173047,0.2437972699563142,0.2437972699563142,0.9037932615173047,0.2437972699563142
